[{"leagueName":"FIFA 2018 World Cup","teams":[]},{"leagueName":"German Bundesliga","teams":["Bayer Leverkusen","Bayern Munich","Borussia Dortmund","Borussia Monchengladbach","Eintracht Frankfurt","FC Augsburg","FC Cologne","Hamburg SV","Hannover 96","Hertha Berlin","Mainz","SC Freiburg","SC Paderborn 07","Schalke 04","TSG Hoffenheim","VfB Stuttgart","VfL Wolfsburg","Werder Bremen"]},{"leagueName":"Italian Serie A","teams":["AC Milan","AS Roma","Atalanta","Cagliari","Cesena","Chievo Verona","Empoli","Fiorentina","Genoa","Hellas Verona","Internazionale","Juventus","Lazio","Napoli","Palermo","Parma","Sampdoria","Sassuolo","Torino","Udinese"]},{"leagueName":"UEFA Champions League","teams":["Arsenal","AS Monaco FC","Atletico Madrid","Barcelona","Basel 1893","Bayer Leverkusen","Bayern Munich","Borussia Dortmund","Chelsea","Juventus","Manchester City","Paris Saint-Germain","Porto","Real Madrid","Schalke 04","Shakhtar Donetsk"]},{"leagueName":"UK Premier League","teams":["Arsenal","Aston Villa","Burnley","Chelsea","Crystal Palace","Everton","Hull City","Leicester City","Liverpool","Manchester City","Manchester United","Newcastle United","Queens Park Rangers","Southampton","Stoke City","Sunderland","Swansea City","Tottenham Hotspur","West Bromwich Albion","West Ham United"]}]